Duration,Pulse,Maxpulse,Calories
60,110,130,409.1
60,117,145,479
60,103,135,340
60,103,141.6666667,340.2666667
60,99.5,144.1666667,305.7166667
60,96,146.6666667,271.1666667
60,92.5,149.1666667,236.6166667
